"","Time","Sample","Value","id"
"1",0,"cell.1",0.9935818,"Condition-1"
"2",2,"cell.1",0.9972606,"Condition-1"
"3",4,"cell.1",1.010935,"Condition-1"
"4",6,"cell.1",0.9959134,"Condition-1"
"5",8,"cell.1",0.9970548,"Condition-1"
"6",10,"cell.1",1.003856,"Condition-1"
"7",12,"cell.1",0.9951291,"Condition-1"
"8",14,"cell.1",1.004095,"Condition-1"
"9",16,"cell.1",1.006717,"Condition-1"
"10",18,"cell.1",0.9848872,"Condition-1"
"11",20,"cell.1",1.008174,"Condition-1"
"12",22,"cell.1",0.9904026,"Condition-1"
"13",24,"cell.1",0.9901288,"Condition-1"
"14",26,"cell.1",0.9985291,"Condition-1"
"15",28,"cell.1",0.9977976,"Condition-1"
"16",30,"cell.1",0.9937107,"Condition-1"
"17",32,"cell.1",1.002426,"Condition-1"
"18",34,"cell.1",0.9990357,"Condition-1"
"19",36,"cell.1",1.005001,"Condition-1"
"20",38,"cell.1",0.9757972,"Condition-1"
"21",40,"cell.1",0.99025,"Condition-1"
"22",42,"cell.1",0.9914863,"Condition-1"
"23",44,"cell.1",0.9864967,"Condition-1"
"24",46,"cell.1",0.9835734,"Condition-1"
"25",0,"cell.2",0.9965762,"Condition-1"
"26",2,"cell.2",0.9979417,"Condition-1"
"27",4,"cell.2",1.007662,"Condition-1"
"28",6,"cell.2",1.001891,"Condition-1"
"29",8,"cell.2",0.9971041,"Condition-1"
"30",10,"cell.2",1.001855,"Condition-1"
"31",12,"cell.2",0.9936391,"Condition-1"
"32",14,"cell.2",1.005613,"Condition-1"
"33",16,"cell.2",1.00001,"Condition-1"
"34",18,"cell.2",0.9914007,"Condition-1"
"35",20,"cell.2",1.008992,"Condition-1"
"36",22,"cell.2",0.9878731,"Condition-1"
"37",24,"cell.2",0.992722,"Condition-1"
"38",26,"cell.2",0.9992844,"Condition-1"
"39",28,"cell.2",1.002279,"Condition-1"
"40",30,"cell.2",1.002916,"Condition-1"
"41",32,"cell.2",1.001679,"Condition-1"
"42",34,"cell.2",0.9966198,"Condition-1"
"43",36,"cell.2",1.007026,"Condition-1"
"44",38,"cell.2",0.9868194,"Condition-1"
"45",40,"cell.2",0.9891354,"Condition-1"
"46",42,"cell.2",0.9972853,"Condition-1"
"47",44,"cell.2",0.9909698,"Condition-1"
"48",46,"cell.2",0.9918954,"Condition-1"
"49",0,"cell.3",0.9907055,"Condition-1"
"50",2,"cell.3",1.00146,"Condition-1"
"51",4,"cell.3",1.002369,"Condition-1"
"52",6,"cell.3",1.003493,"Condition-1"
"53",8,"cell.3",0.9957852,"Condition-1"
"54",10,"cell.3",0.9897691,"Condition-1"
"55",12,"cell.3",1.007262,"Condition-1"
"56",14,"cell.3",0.9901359,"Condition-1"
"57",16,"cell.3",1.003434,"Condition-1"
"58",18,"cell.3",1.002396,"Condition-1"
"59",20,"cell.3",0.9948413,"Condition-1"
"60",22,"cell.3",0.9817954,"Condition-1"
"61",24,"cell.3",0.9929974,"Condition-1"
"62",26,"cell.3",0.9930775,"Condition-1"
"63",28,"cell.3",0.9968351,"Condition-1"
"64",30,"cell.3",1.003374,"Condition-1"
"65",32,"cell.3",1.000509,"Condition-1"
"66",34,"cell.3",1.001452,"Condition-1"
"67",36,"cell.3",0.9873161,"Condition-1"
"68",38,"cell.3",0.9893566,"Condition-1"
"69",40,"cell.3",0.9933261,"Condition-1"
"70",42,"cell.3",0.9921743,"Condition-1"
"71",44,"cell.3",0.9822891,"Condition-1"
"72",46,"cell.3",0.7727538,"Condition-1"
"73",0,"cell.4",0.9938881,"Condition-1"
"74",2,"cell.4",1.004102,"Condition-1"
"75",4,"cell.4",1.001158,"Condition-1"
"76",6,"cell.4",1.001164,"Condition-1"
"77",8,"cell.4",1.001942,"Condition-1"
"78",10,"cell.4",0.9976327,"Condition-1"
"79",12,"cell.4",0.9940491,"Condition-1"
"80",14,"cell.4",0.9987096,"Condition-1"
"81",16,"cell.4",0.9968854,"Condition-1"
"82",18,"cell.4",0.9987984,"Condition-1"
"83",20,"cell.4",0.9994631,"Condition-1"
"84",22,"cell.4",0.9880604,"Condition-1"
"85",24,"cell.4",0.9934278,"Condition-1"
"86",26,"cell.4",0.9913366,"Condition-1"
"87",28,"cell.4",0.9827948,"Condition-1"
"88",30,"cell.4",0.9845817,"Condition-1"
"89",32,"cell.4",0.9902699,"Condition-1"
"90",34,"cell.4",0.9813325,"Condition-1"
"91",36,"cell.4",0.9822187,"Condition-1"
"92",38,"cell.4",0.9810679,"Condition-1"
"93",40,"cell.4",0.9887279,"Condition-1"
"94",42,"cell.4",0.9794463,"Condition-1"
"95",44,"cell.4",0.9848179,"Condition-1"
"96",46,"cell.4",0.9832006,"Condition-1"
"97",0,"cell.5",0.9942987,"Condition-1"
"98",2,"cell.5",1.004207,"Condition-1"
"99",4,"cell.5",1.001488,"Condition-1"
"100",6,"cell.5",1.001113,"Condition-1"
"101",8,"cell.5",1.000751,"Condition-1"
"102",10,"cell.5",0.9987909,"Condition-1"
"103",12,"cell.5",0.9937052,"Condition-1"
"104",14,"cell.5",0.9976613,"Condition-1"
"105",16,"cell.5",1.002811,"Condition-1"
"106",18,"cell.5",1.000693,"Condition-1"
"107",20,"cell.5",1.000123,"Condition-1"
"108",22,"cell.5",0.9908413,"Condition-1"
"109",24,"cell.5",0.9926035,"Condition-1"
"110",26,"cell.5",0.9943461,"Condition-1"
"111",28,"cell.5",0.9860387,"Condition-1"
"112",30,"cell.5",0.992258,"Condition-1"
"113",32,"cell.5",0.9927139,"Condition-1"
"114",34,"cell.5",0.9925956,"Condition-1"
"115",36,"cell.5",0.9862194,"Condition-1"
"116",38,"cell.5",0.9891836,"Condition-1"
"117",40,"cell.5",0.9863042,"Condition-1"
"118",42,"cell.5",0.9872593,"Condition-1"
"119",44,"cell.5",0.9912714,"Condition-1"
"120",46,"cell.5",0.9882032,"Condition-1"
"121",0,"cell.6",0.993361,"Condition-1"
"122",2,"cell.6",0.9924765,"Condition-1"
"123",4,"cell.6",1.006317,"Condition-1"
"124",6,"cell.6",1.008415,"Condition-1"
"125",8,"cell.6",0.997609,"Condition-1"
"126",10,"cell.6",1.003873,"Condition-1"
"127",12,"cell.6",0.99149,"Condition-1"
"128",14,"cell.6",0.9966816,"Condition-1"
"129",16,"cell.6",1.000608,"Condition-1"
"130",18,"cell.6",0.9969385,"Condition-1"
"131",20,"cell.6",1.004909,"Condition-1"
"132",22,"cell.6",1.001975,"Condition-1"
"133",24,"cell.6",1.004805,"Condition-1"
"134",26,"cell.6",1.017945,"Condition-1"
"135",28,"cell.6",1.000882,"Condition-1"
"136",30,"cell.6",0.9978008,"Condition-1"
"137",32,"cell.6",1.003389,"Condition-1"
"138",34,"cell.6",1.005859,"Condition-1"
"139",36,"cell.6",1.018403,"Condition-1"
"140",38,"cell.6",1.005267,"Condition-1"
"141",40,"cell.6",1.013645,"Condition-1"
"142",42,"cell.6",0.9943628,"Condition-1"
"143",44,"cell.6",1.006949,"Condition-1"
"144",46,"cell.6",0.9892494,"Condition-1"
"145",0,"cell.7",0.9976612,"Condition-1"
"146",2,"cell.7",0.9953743,"Condition-1"
"147",4,"cell.7",1.005133,"Condition-1"
"148",6,"cell.7",1.005629,"Condition-1"
"149",8,"cell.7",0.999718,"Condition-1"
"150",10,"cell.7",1.001344,"Condition-1"
"151",12,"cell.7",0.9928554,"Condition-1"
"152",14,"cell.7",0.995058,"Condition-1"
"153",16,"cell.7",0.9904838,"Condition-1"
"154",18,"cell.7",0.9832124,"Condition-1"
"155",20,"cell.7",0.9928708,"Condition-1"
"156",22,"cell.7",0.9916,"Condition-1"
"157",24,"cell.7",0.9895141,"Condition-1"
"158",26,"cell.7",1.002178,"Condition-1"
"159",28,"cell.7",0.9928708,"Condition-1"
"160",30,"cell.7",0.9860433,"Condition-1"
"161",32,"cell.7",0.9969848,"Condition-1"
"162",34,"cell.7",0.9894622,"Condition-1"
"163",36,"cell.7",1.005693,"Condition-1"
"164",38,"cell.7",0.9935702,"Condition-1"
"165",40,"cell.7",1.00848,"Condition-1"
"166",42,"cell.7",0.9892947,"Condition-1"
"167",44,"cell.7",0.9920383,"Condition-1"
"168",46,"cell.7",0.9798753,"Condition-1"
"169",0,"cell.8",0.9961659,"Condition-1"
"170",2,"cell.8",0.9927425,"Condition-1"
"171",4,"cell.8",1.003245,"Condition-1"
"172",6,"cell.8",1.004104,"Condition-1"
"173",8,"cell.8",0.9981139,"Condition-1"
"174",10,"cell.8",1.000341,"Condition-1"
"175",12,"cell.8",1.001524,"Condition-1"
"176",14,"cell.8",0.9992989,"Condition-1"
"177",16,"cell.8",0.9984674,"Condition-1"
"178",18,"cell.8",1.001118,"Condition-1"
"179",20,"cell.8",1.000342,"Condition-1"
"180",22,"cell.8",0.997544,"Condition-1"
"181",24,"cell.8",1.000355,"Condition-1"
"182",26,"cell.8",0.9991067,"Condition-1"
"183",28,"cell.8",0.9958675,"Condition-1"
"184",30,"cell.8",0.9921612,"Condition-1"
"185",32,"cell.8",1.000171,"Condition-1"
"186",34,"cell.8",0.9976097,"Condition-1"
"187",36,"cell.8",0.9997494,"Condition-1"
"188",38,"cell.8",0.9989933,"Condition-1"
"189",40,"cell.8",0.9948039,"Condition-1"
"190",42,"cell.8",0.9900403,"Condition-1"
"191",44,"cell.8",0.9917237,"Condition-1"
"192",46,"cell.8",0.9881461,"Condition-1"
"193",0,"cell.9",0.9892102,"Condition-1"
"194",2,"cell.9",0.9826044,"Condition-1"
"195",4,"cell.9",0.9985691,"Condition-1"
"196",6,"cell.9",1.004594,"Condition-1"
"197",8,"cell.9",1.000984,"Condition-1"
"198",10,"cell.9",1.005825,"Condition-1"
"199",12,"cell.9",1.007696,"Condition-1"
"200",14,"cell.9",1.004553,"Condition-1"
"201",16,"cell.9",1.005636,"Condition-1"
"202",18,"cell.9",1.013478,"Condition-1"
"203",20,"cell.9",1.00573,"Condition-1"
"204",22,"cell.9",1.003309,"Condition-1"
"205",24,"cell.9",1.009553,"Condition-1"
"206",26,"cell.9",1.002945,"Condition-1"
"207",28,"cell.9",0.9881277,"Condition-1"
"208",30,"cell.9",0.992852,"Condition-1"
"209",32,"cell.9",1.003909,"Condition-1"
"210",34,"cell.9",1.000704,"Condition-1"
"211",36,"cell.9",0.991233,"Condition-1"
"212",38,"cell.9",0.9945988,"Condition-1"
"213",40,"cell.9",0.993134,"Condition-1"
"214",42,"cell.9",0.9787376,"Condition-1"
"215",44,"cell.9",0.9835182,"Condition-1"
"216",46,"cell.9",0.9778919,"Condition-1"
"217",0,"cell.10",0.9929645,"Condition-1"
"218",2,"cell.10",1.006448,"Condition-1"
"219",4,"cell.10",1.000934,"Condition-1"
"220",6,"cell.10",0.9889891,"Condition-1"
"221",8,"cell.10",1.004525,"Condition-1"
"222",10,"cell.10",1.000582,"Condition-1"
"223",12,"cell.10",0.9986577,"Condition-1"
"224",14,"cell.10",1.000308,"Condition-1"
"225",16,"cell.10",0.9998969,"Condition-1"
"226",18,"cell.10",0.9973027,"Condition-1"
"227",20,"cell.10",0.9983521,"Condition-1"
"228",22,"cell.10",0.9904983,"Condition-1"
"229",24,"cell.10",0.9944381,"Condition-1"
"230",26,"cell.10",0.9979792,"Condition-1"
"231",28,"cell.10",0.9942924,"Condition-1"
"232",30,"cell.10",0.9912078,"Condition-1"
"233",32,"cell.10",0.9927669,"Condition-1"
"234",34,"cell.10",0.9903143,"Condition-1"
"235",36,"cell.10",0.9872128,"Condition-1"
"236",38,"cell.10",0.9855291,"Condition-1"
"237",40,"cell.10",0.9959385,"Condition-1"
"238",42,"cell.10",0.9838228,"Condition-1"
"239",44,"cell.10",0.9877394,"Condition-1"
"240",46,"cell.10",0.9797366,"Condition-1"
"241",0,"cell.11",0.9910962,"Condition-1"
"242",2,"cell.11",1.004355,"Condition-1"
"243",4,"cell.11",0.9958825,"Condition-1"
"244",6,"cell.11",0.9981266,"Condition-1"
"245",8,"cell.11",1.002002,"Condition-1"
"246",10,"cell.11",1.000546,"Condition-1"
"247",12,"cell.11",0.9991376,"Condition-1"
"248",14,"cell.11",1.00043,"Condition-1"
"249",16,"cell.11",1.001015,"Condition-1"
"250",18,"cell.11",0.9943452,"Condition-1"
"251",20,"cell.11",1.000162,"Condition-1"
"252",22,"cell.11",0.9970146,"Condition-1"
"253",24,"cell.11",0.9970034,"Condition-1"
"254",26,"cell.11",1.000025,"Condition-1"
"255",28,"cell.11",1.003042,"Condition-1"
"256",30,"cell.11",1.001827,"Condition-1"
"257",32,"cell.11",0.995735,"Condition-1"
"258",34,"cell.11",0.9937953,"Condition-1"
"259",36,"cell.11",0.9984173,"Condition-1"
"260",38,"cell.11",0.9961487,"Condition-1"
"261",40,"cell.11",1.001336,"Condition-1"
"262",42,"cell.11",0.9987546,"Condition-1"
"263",44,"cell.11",0.9978936,"Condition-1"
"264",46,"cell.11",0.997753,"Condition-1"
"265",0,"cell.12",0.985926,"Condition-1"
"266",2,"cell.12",1.008061,"Condition-1"
"267",4,"cell.12",0.9993525,"Condition-1"
"268",6,"cell.12",0.9900663,"Condition-1"
"269",8,"cell.12",0.9979293,"Condition-1"
"270",10,"cell.12",1.004209,"Condition-1"
"271",12,"cell.12",1.0005,"Condition-1"
"272",14,"cell.12",0.9996152,"Condition-1"
"273",16,"cell.12",1.000353,"Condition-1"
"274",18,"cell.12",0.9958466,"Condition-1"
"275",20,"cell.12",1.00261,"Condition-1"
"276",22,"cell.12",0.9949963,"Condition-1"
"277",24,"cell.12",0.9928678,"Condition-1"
"278",26,"cell.12",1.003834,"Condition-1"
"279",28,"cell.12",1.007456,"Condition-1"
"280",30,"cell.12",1.005137,"Condition-1"
"281",32,"cell.12",0.9996222,"Condition-1"
"282",34,"cell.12",0.9973842,"Condition-1"
"283",36,"cell.12",1.002541,"Condition-1"
"284",38,"cell.12",0.997251,"Condition-1"
"285",40,"cell.12",0.9999806,"Condition-1"
"286",42,"cell.12",1.003147,"Condition-1"
"287",44,"cell.12",1.004841,"Condition-1"
"288",46,"cell.12",1.000682,"Condition-1"
"289",0,"cell.1",0.690575,"Condition-2"
"290",2,"cell.1",0.6927613,"Condition-2"
"291",4,"cell.1",0.6903122,"Condition-2"
"292",6,"cell.1",0.6495826,"Condition-2"
"293",8,"cell.1",0.6826769,"Condition-2"
"294",10,"cell.1",0.6730855,"Condition-2"
"295",12,"cell.1",0.6832842,"Condition-2"
"296",14,"cell.1",0.680155,"Condition-2"
"297",16,"cell.1",0.6772369,"Condition-2"
"298",18,"cell.1",0.6767522,"Condition-2"
"299",20,"cell.1",0.6745279,"Condition-2"
"300",22,"cell.1",0.6711643,"Condition-2"
"301",24,"cell.1",0.679616,"Condition-2"
"302",26,"cell.1",0.6743037,"Condition-2"
"303",28,"cell.1",0.6702362,"Condition-2"
"304",30,"cell.1",0.6660641,"Condition-2"
"305",32,"cell.1",0.6702495,"Condition-2"
"306",34,"cell.1",0.6692957,"Condition-2"
"307",36,"cell.1",0.6671401,"Condition-2"
"308",38,"cell.1",0.6722153,"Condition-2"
"309",40,"cell.1",0.6670756,"Condition-2"
"310",42,"cell.1",0.6673751,"Condition-2"
"311",44,"cell.1",0.6736002,"Condition-2"
"312",46,"cell.1",0.6639975,"Condition-2"
"313",0,"cell.2",0.7712867,"Condition-2"
"314",2,"cell.2",0.777539,"Condition-2"
"315",4,"cell.2",0.7637621,"Condition-2"
"316",6,"cell.2",0.7657181,"Condition-2"
"317",8,"cell.2",0.7418116,"Condition-2"
"318",10,"cell.2",0.7439602,"Condition-2"
"319",12,"cell.2",0.764734,"Condition-2"
"320",14,"cell.2",0.7585751,"Condition-2"
"321",16,"cell.2",0.758302,"Condition-2"
"322",18,"cell.2",0.7595171,"Condition-2"
"323",20,"cell.2",0.7566794,"Condition-2"
"324",22,"cell.2",0.75479,"Condition-2"
"325",24,"cell.2",0.7619421,"Condition-2"
"326",26,"cell.2",0.7591677,"Condition-2"
"327",28,"cell.2",0.7602997,"Condition-2"
"328",30,"cell.2",0.7532247,"Condition-2"
"329",32,"cell.2",0.765366,"Condition-2"
"330",34,"cell.2",0.7582719,"Condition-2"
"331",36,"cell.2",0.7592971,"Condition-2"
"332",38,"cell.2",0.7636634,"Condition-2"
"333",40,"cell.2",0.760431,"Condition-2"
"334",42,"cell.2",0.7605526,"Condition-2"
"335",44,"cell.2",0.7638866,"Condition-2"
"336",46,"cell.2",0.753895,"Condition-2"
"337",0,"cell.3",0.6419768,"Condition-2"
"338",2,"cell.3",0.6304104,"Condition-2"
"339",4,"cell.3",0.6329958,"Condition-2"
"340",6,"cell.3",0.6327962,"Condition-2"
"341",8,"cell.3",0.6269465,"Condition-2"
"342",10,"cell.3",0.6266464,"Condition-2"
"343",12,"cell.3",0.6231157,"Condition-2"
"344",14,"cell.3",0.6230312,"Condition-2"
"345",16,"cell.3",0.6254841,"Condition-2"
"346",18,"cell.3",0.6221592,"Condition-2"
"347",20,"cell.3",0.6236967,"Condition-2"
"348",22,"cell.3",0.6247718,"Condition-2"
"349",24,"cell.3",0.6226387,"Condition-2"
"350",26,"cell.3",0.6261858,"Condition-2"
"351",28,"cell.3",0.625692,"Condition-2"
"352",30,"cell.3",0.6239132,"Condition-2"
"353",32,"cell.3",0.6273026,"Condition-2"
"354",34,"cell.3",0.6211504,"Condition-2"
"355",36,"cell.3",0.6260246,"Condition-2"
"356",38,"cell.3",0.6187277,"Condition-2"
"357",40,"cell.3",0.6186101,"Condition-2"
"358",42,"cell.3",0.6194225,"Condition-2"
"359",44,"cell.3",0.6230611,"Condition-2"
"360",46,"cell.3",0.6389883,"Condition-2"
"361",0,"cell.4",0.7129364,"Condition-2"
"362",2,"cell.4",0.7070919,"Condition-2"
"363",4,"cell.4",0.7021374,"Condition-2"
"364",6,"cell.4",0.6940571,"Condition-2"
"365",8,"cell.4",0.692236,"Condition-2"
"366",10,"cell.4",0.6936882,"Condition-2"
"367",12,"cell.4",0.6933723,"Condition-2"
"368",14,"cell.4",0.6940081,"Condition-2"
"369",16,"cell.4",0.6951234,"Condition-2"
"370",18,"cell.4",0.6922216,"Condition-2"
"371",20,"cell.4",0.6931439,"Condition-2"
"372",22,"cell.4",0.6953734,"Condition-2"
"373",24,"cell.4",0.6928951,"Condition-2"
"374",26,"cell.4",0.6937922,"Condition-2"
"375",28,"cell.4",0.6935414,"Condition-2"
"376",30,"cell.4",0.691806,"Condition-2"
"377",32,"cell.4",0.6908084,"Condition-2"
"378",34,"cell.4",0.6878459,"Condition-2"
"379",36,"cell.4",0.6873162,"Condition-2"
"380",38,"cell.4",0.6920167,"Condition-2"
"381",40,"cell.4",0.6897801,"Condition-2"
"382",42,"cell.4",0.6921455,"Condition-2"
"383",44,"cell.4",0.69156,"Condition-2"
"384",46,"cell.4",0.6911537,"Condition-2"
"385",0,"cell.5",0.6907997,"Condition-2"
"386",2,"cell.5",0.6862905,"Condition-2"
"387",4,"cell.5",0.6862492,"Condition-2"
"388",6,"cell.5",0.675862,"Condition-2"
"389",8,"cell.5",0.6702752,"Condition-2"
"390",10,"cell.5",0.6758974,"Condition-2"
"391",12,"cell.5",0.6721024,"Condition-2"
"392",14,"cell.5",0.6746343,"Condition-2"
"393",16,"cell.5",0.6750088,"Condition-2"
"394",18,"cell.5",0.6711476,"Condition-2"
"395",20,"cell.5",0.6724354,"Condition-2"
"396",22,"cell.5",0.6766504,"Condition-2"
"397",24,"cell.5",0.6730373,"Condition-2"
"398",26,"cell.5",0.6728938,"Condition-2"
"399",28,"cell.5",0.6698915,"Condition-2"
"400",30,"cell.5",0.6730536,"Condition-2"
"401",32,"cell.5",0.6739558,"Condition-2"
"402",34,"cell.5",0.6671087,"Condition-2"
"403",36,"cell.5",0.6705547,"Condition-2"
"404",38,"cell.5",0.6713664,"Condition-2"
"405",40,"cell.5",0.6684079,"Condition-2"
"406",42,"cell.5",0.6694571,"Condition-2"
"407",44,"cell.5",0.6720146,"Condition-2"
"408",46,"cell.5",0.6676291,"Condition-2"
"409",0,"cell.6",0.6945156,"Condition-2"
"410",2,"cell.6",0.6887361,"Condition-2"
"411",4,"cell.6",0.6984159,"Condition-2"
"412",6,"cell.6",0.6778964,"Condition-2"
"413",8,"cell.6",0.6791005,"Condition-2"
"414",10,"cell.6",0.678843,"Condition-2"
"415",12,"cell.6",0.6793856,"Condition-2"
"416",14,"cell.6",0.6764228,"Condition-2"
"417",16,"cell.6",0.6850284,"Condition-2"
"418",18,"cell.6",0.6771174,"Condition-2"
"419",20,"cell.6",0.6889412,"Condition-2"
"420",22,"cell.6",0.6778271,"Condition-2"
"421",24,"cell.6",0.6795793,"Condition-2"
"422",26,"cell.6",0.6818348,"Condition-2"
"423",28,"cell.6",0.6783973,"Condition-2"
"424",30,"cell.6",0.6725668,"Condition-2"
"425",32,"cell.6",0.6756254,"Condition-2"
"426",34,"cell.6",0.6714169,"Condition-2"
"427",36,"cell.6",0.6701264,"Condition-2"
"428",38,"cell.6",0.6700939,"Condition-2"
"429",40,"cell.6",0.6745818,"Condition-2"
"430",42,"cell.6",0.6725594,"Condition-2"
"431",44,"cell.6",0.6748692,"Condition-2"
"432",46,"cell.6",0.6743714,"Condition-2"
"433",0,"cell.7",0.7552003,"Condition-2"
"434",2,"cell.7",0.7608882,"Condition-2"
"435",4,"cell.7",0.7689157,"Condition-2"
"436",6,"cell.7",0.7364838,"Condition-2"
"437",8,"cell.7",0.7375311,"Condition-2"
"438",10,"cell.7",0.741981,"Condition-2"
"439",12,"cell.7",0.7392377,"Condition-2"
"440",14,"cell.7",0.7414956,"Condition-2"
"441",16,"cell.7",0.7480728,"Condition-2"
"442",18,"cell.7",0.7404698,"Condition-2"
"443",20,"cell.7",0.7457888,"Condition-2"
"444",22,"cell.7",0.7397825,"Condition-2"
"445",24,"cell.7",0.7459568,"Condition-2"
"446",26,"cell.7",0.7430435,"Condition-2"
"447",28,"cell.7",0.7411984,"Condition-2"
"448",30,"cell.7",0.7148045,"Condition-2"
"449",32,"cell.7",0.750943,"Condition-2"
"450",34,"cell.7",0.7392563,"Condition-2"
"451",36,"cell.7",0.7429212,"Condition-2"
"452",38,"cell.7",0.7459111,"Condition-2"
"453",40,"cell.7",0.7444032,"Condition-2"
"454",42,"cell.7",0.7446364,"Condition-2"
"455",44,"cell.7",0.7423277,"Condition-2"
"456",46,"cell.7",0.7423705,"Condition-2"
"457",0,"cell.8",0.8155536,"Condition-2"
"458",2,"cell.8",0.8200119,"Condition-2"
"459",4,"cell.8",0.8131161,"Condition-2"
"460",6,"cell.8",0.8177142,"Condition-2"
"461",8,"cell.8",0.8126357,"Condition-2"
"462",10,"cell.8",0.8157328,"Condition-2"
"463",12,"cell.8",0.8129422,"Condition-2"
"464",14,"cell.8",0.8074836,"Condition-2"
"465",16,"cell.8",0.8121221,"Condition-2"
"466",18,"cell.8",0.8129629,"Condition-2"
"467",20,"cell.8",0.8110886,"Condition-2"
"468",22,"cell.8",0.8138985,"Condition-2"
"469",24,"cell.8",0.8115784,"Condition-2"
"470",26,"cell.8",0.8108442,"Condition-2"
"471",28,"cell.8",0.8096402,"Condition-2"
"472",30,"cell.8",0.8131601,"Condition-2"
"473",32,"cell.8",0.8102702,"Condition-2"
"474",34,"cell.8",0.8086443,"Condition-2"
"475",36,"cell.8",0.8074839,"Condition-2"
"476",38,"cell.8",0.8110103,"Condition-2"
"477",40,"cell.8",0.8117902,"Condition-2"
"478",42,"cell.8",0.8100665,"Condition-2"
"479",44,"cell.8",0.8076423,"Condition-2"
"480",46,"cell.8",0.8089542,"Condition-2"
"481",0,"cell.9",0.678012,"Condition-2"
"482",2,"cell.9",0.6507565,"Condition-2"
"483",4,"cell.9",0.6662749,"Condition-2"
"484",6,"cell.9",0.668248,"Condition-2"
"485",8,"cell.9",0.6581175,"Condition-2"
"486",10,"cell.9",0.6640658,"Condition-2"
"487",12,"cell.9",0.6580093,"Condition-2"
"488",14,"cell.9",0.6549184,"Condition-2"
"489",16,"cell.9",0.6569067,"Condition-2"
"490",18,"cell.9",0.6592144,"Condition-2"
"491",20,"cell.9",0.6580748,"Condition-2"
"492",22,"cell.9",0.6579692,"Condition-2"
"493",24,"cell.9",0.6557109,"Condition-2"
"494",26,"cell.9",0.6565951,"Condition-2"
"495",28,"cell.9",0.6559783,"Condition-2"
"496",30,"cell.9",0.6614913,"Condition-2"
"497",32,"cell.9",0.6516503,"Condition-2"
"498",34,"cell.9",0.6563777,"Condition-2"
"499",36,"cell.9",0.6523716,"Condition-2"
"500",38,"cell.9",0.6558033,"Condition-2"
"501",40,"cell.9",0.6589903,"Condition-2"
"502",42,"cell.9",0.6577442,"Condition-2"
"503",44,"cell.9",0.6531781,"Condition-2"
"504",46,"cell.9",0.6576681,"Condition-2"
"505",0,"cell.10",0.5901899,"Condition-2"
"506",2,"cell.10",0.5801987,"Condition-2"
"507",4,"cell.10",0.5790694,"Condition-2"
"508",6,"cell.10",0.5747268,"Condition-2"
"509",8,"cell.10",0.5716396,"Condition-2"
"510",10,"cell.10",0.5743759,"Condition-2"
"511",12,"cell.10",0.5731295,"Condition-2"
"512",14,"cell.10",0.5695343,"Condition-2"
"513",16,"cell.10",0.5689114,"Condition-2"
"514",18,"cell.10",0.5651513,"Condition-2"
"515",20,"cell.10",0.5680552,"Condition-2"
"516",22,"cell.10",0.5692883,"Condition-2"
"517",24,"cell.10",0.5720665,"Condition-2"
"518",26,"cell.10",0.5735822,"Condition-2"
"519",28,"cell.10",0.5717508,"Condition-2"
"520",30,"cell.10",0.5729809,"Condition-2"
"521",32,"cell.10",0.5712599,"Condition-2"
"522",34,"cell.10",0.5717604,"Condition-2"
"523",36,"cell.10",0.5743398,"Condition-2"
"524",38,"cell.10",0.5769457,"Condition-2"
"525",40,"cell.10",0.572391,"Condition-2"
"526",42,"cell.10",0.5717383,"Condition-2"
"527",44,"cell.10",0.5755753,"Condition-2"
"528",46,"cell.10",0.5718781,"Condition-2"
"529",0,"cell.11",0.6648378,"Condition-2"
"530",2,"cell.11",0.6436274,"Condition-2"
"531",4,"cell.11",0.6411879,"Condition-2"
"532",6,"cell.11",0.6389547,"Condition-2"
"533",8,"cell.11",0.6363773,"Condition-2"
"534",10,"cell.11",0.6377363,"Condition-2"
"535",12,"cell.11",0.6367301,"Condition-2"
"536",14,"cell.11",0.63583,"Condition-2"
"537",16,"cell.11",0.6345915,"Condition-2"
"538",18,"cell.11",0.6340966,"Condition-2"
"539",20,"cell.11",0.6342813,"Condition-2"
"540",22,"cell.11",0.6329445,"Condition-2"
"541",24,"cell.11",0.6369497,"Condition-2"
"542",26,"cell.11",0.6397236,"Condition-2"
"543",28,"cell.11",0.6366675,"Condition-2"
"544",30,"cell.11",0.6392633,"Condition-2"
"545",32,"cell.11",0.6344798,"Condition-2"
"546",34,"cell.11",0.6398402,"Condition-2"
"547",36,"cell.11",0.6395645,"Condition-2"
"548",38,"cell.11",0.6414179,"Condition-2"
"549",40,"cell.11",0.6394932,"Condition-2"
"550",42,"cell.11",0.6367164,"Condition-2"
"551",44,"cell.11",0.6398295,"Condition-2"
"552",46,"cell.11",0.6342174,"Condition-2"
"553",0,"cell.12",0.6554475,"Condition-2"
"554",2,"cell.12",0.6488855,"Condition-2"
"555",4,"cell.12",0.6481088,"Condition-2"
"556",6,"cell.12",0.6395813,"Condition-2"
"557",8,"cell.12",0.6381269,"Condition-2"
"558",10,"cell.12",0.6387445,"Condition-2"
"559",12,"cell.12",0.6394422,"Condition-2"
"560",14,"cell.12",0.6349275,"Condition-2"
"561",16,"cell.12",0.6366007,"Condition-2"
"562",18,"cell.12",0.6348265,"Condition-2"
"563",20,"cell.12",0.6342319,"Condition-2"
"564",22,"cell.12",0.640677,"Condition-2"
"565",24,"cell.12",0.6421387,"Condition-2"
"566",26,"cell.12",0.6457923,"Condition-2"
"567",28,"cell.12",0.6415861,"Condition-2"
"568",30,"cell.12",0.6450362,"Condition-2"
"569",32,"cell.12",0.6398446,"Condition-2"
"570",34,"cell.12",0.6419332,"Condition-2"
"571",36,"cell.12",0.6438596,"Condition-2"
"572",38,"cell.12",0.6484141,"Condition-2"
"573",40,"cell.12",0.6416141,"Condition-2"
"574",42,"cell.12",0.6401131,"Condition-2"
"575",44,"cell.12",0.6461521,"Condition-2"
"576",46,"cell.12",0.6395882,"Condition-2"
